{
  "project_info": {
    "project_number": "187692840855",
    "firebase_url": "https://translator-hin-eng.firebaseio.com",
    "project_id": "translator-hin-eng",
    "storage_bucket": "translator-hin-eng.appspot.com"
  },
  "client": [
    {
      "client_info": {
        "mobilesdk_app_id": "1:187692840855:android:d421c5acd552c410c676d2",
        "android_client_info": {
          "package_name": "com.android.translator_hin_eng"
        }
      },
      "oauth_client": [
        {
          "client_id": "187692840855-hmpc79ni4nvt86d8l2odg7g4mfns6nhe.apps.googleusercontent.com",
          "client_type": 3
        }
      ],
      "api_key": [
        {
          "current_key": "AIzaSyBnlOP4h-Z6y9kcnh2Se6YfVtBJ1inUsXk"
        }
      ],
      "services": {
        "appinvite_service": {
          "other_platform_oauth_client": [
            {
              "client_id": "187692840855-hmpc79ni4nvt86d8l2odg7g4mfns6nhe.apps.googleusercontent.com",
              "client_type": 3
            }
          ]
        }
      }
    }
  ],
  "configuration_version": "1"
}